﻿<?xml version="1.0" encoding="utf-8"?>
<Items>
    <Item>
        <ItemNo>9210584</ItemNo>
        <Description>Snail pellets</Description>
        <Price>12.95</Price>
    </Item>
    <Item>
        <ItemNo>4738459</ItemNo>
        <Description>Japanese Red Maple</Description>
        <Price>89.95</Price>
    </Item>
    <Item>
        <ItemNo>3245649</ItemNo>
        <Description>Asparagus</Description>
        <Price>7.95</Price>
    </Item>
    <Item>
        <ItemNo>21</ItemNo>
        <Description>Limonium</Description>
        <Price>54</Price>
    </Item>
    <Item>
        <ItemNo>654654654</ItemNo>
        <Description>Mango</Description>
        <Price>65.35</Price>
    </Item>
</Items>